Customer_id,Customer_name,Age,City,Risk category,Signup Date
CUST_X4RE6T51,Customer_1,29,Mumbai,MEDIUM,19/10/2025
CUST_96648XF8,Customer_2,52,Hyderabad,MEDIUM,14/08/2024
CUST_RBCTV81N,Customer_3,21,Bangalore,LOW,22/10/2023
CUST_C1LRG9C2,Customer_4,49,Hyderabad,MEDIUM,11/01/2023
CUST_T0BKUJXP,Customer_5,33,Hyderabad,LOW,01/10/2025
CUST_8TKZMKCP,Customer_6,42,Delhi,LOW,22/07/2024
CUST_E169CUJS,Customer_7,44,Mumbai,LOW,14/06/2023
CUST_7X9X3FTL,Customer_8,63,Chennai,HIGH,19/10/2022
CUST_OZH3GMOS,Customer_9,31,Chennai,LOW,02/06/2023
CUST_XK9GVU7Z,Customer_10,21,Bangalore,HIGH,29/09/2022
CUST_LKCXX8MX,Customer_11,40,Bangalore,MEDIUM,02/01/2025
CUST_M7MCXHHR,Customer_12,46,Mumbai,LOW,12/07/2023
CUST_X7IQ7DCU,Customer_13,20,Mumbai,LOW,30/01/2023
CUST_KRH598KH,Customer_14,65,Mumbai,LOW,21/07/2022
CUST_HD50T5LS,Customer_15,50,Bangalore,LOW,14/08/2024
CUST_HSJTTDXN,Customer_16,49,Mumbai,LOW,27/10/2023
CUST_01VD9OMI,Customer_17,23,Hyderabad,MEDIUM,12/11/2024
CUST_5TGYXR45,Customer_18,46,Mumbai,MEDIUM,20/08/2022
CUST_VLLCFW68,Customer_19,33,Bangalore,HIGH,24/10/2024
CUST_M3H9ZKA5,Customer_20,39,Bangalore,HIGH,31/05/2024
CUST_X8ISHC4Z,Customer_21,53,Delhi,HIGH,19/11/2022
CUST_AHQ37NRK,Customer_22,40,Mumbai,MEDIUM,26/09/2024
CUST_9DRXD5KL,Customer_23,21,Chennai,LOW,18/04/2025
CUST_OGPWE8CS,Customer_24,54,Bangalore,LOW,13/02/2025
CUST_YKEGU3IR,Customer_25,26,Delhi,HIGH,10/07/2025
CUST_LJ7E0QRB,Customer_26,25,Hyderabad,HIGH,25/12/2021
CUST_VCWAGWXC,Customer_27,19,Delhi,HIGH,17/02/2023
CUST_CLP9ZMBQ,Customer_28,39,Delhi,LOW,11/07/2022
CUST_JQ9H6WUX,Customer_29,23,Hyderabad,MEDIUM,04/12/2023
CUST_FHJOHDQ5,Customer_30,32,Mumbai,HIGH,26/02/2023
CUST_3S99QFIZ,Customer_31,36,Delhi,MEDIUM,17/03/2023
CUST_TBAYTMJW,Customer_32,37,Mumbai,LOW,28/08/2024
CUST_RGNYUATI,Customer_33,32,Delhi,HIGH,26/09/2024
CUST_H4UXNQOZ,Customer_34,61,Chennai,HIGH,22/05/2025
CUST_2HQ1MN3P,Customer_35,48,Chennai,LOW,22/12/2022
CUST_S6NT31QL,Customer_36,20,Hyderabad,MEDIUM,05/08/2022
CUST_DKSQML17,Customer_37,48,Delhi,HIGH,29/08/2025
CUST_20W2I1WZ,Customer_38,41,Mumbai,HIGH,21/02/2023
CUST_0IG5XG7N,Customer_39,56,Bangalore,MEDIUM,20/09/2024
CUST_RYFY1Y2L,Customer_40,23,Mumbai,LOW,12/05/2025
CUST_SGWVZUBT,Customer_41,61,Bangalore,LOW,25/11/2023
CUST_PFLBQMAT,Customer_42,60,Hyderabad,MEDIUM,21/05/2022
CUST_8J2BNOGS,Customer_43,26,Chennai,HIGH,05/08/2025
CUST_PKUBGZJN,Customer_44,42,Mumbai,MEDIUM,28/03/2024
CUST_X5B8IMTU,Customer_45,60,Hyderabad,MEDIUM,21/06/2025
CUST_4EPB3ETP,Customer_46,46,Hyderabad,LOW,02/04/2024
CUST_P9SGUVV2,Customer_47,50,Bangalore,LOW,22/01/2025
CUST_7AREOPMM,Customer_48,46,Mumbai,MEDIUM,18/11/2024
CUST_84S3FPKA,Customer_49,36,Mumbai,LOW,28/10/2025
CUST_1T7LGLS6,Customer_50,51,Mumbai,MEDIUM,22/07/2022
CUST_PNA6TBNM,Customer_51,21,Bangalore,LOW,01/08/2022
CUST_8R6KCPPB,Customer_52,53,Chennai,MEDIUM,05/03/2023
CUST_ZB20EYJT,Customer_53,40,Mumbai,HIGH,21/06/2025
CUST_WW6VE6D7,Customer_54,30,Mumbai,LOW,28/03/2025
CUST_LI5MA8GR,Customer_55,43,Mumbai,HIGH,30/12/2022
CUST_7O2GG0T7,Customer_56,60,Mumbai,HIGH,30/12/2024
CUST_6151A6JM,Customer_57,38,Chennai,LOW,16/03/2024
CUST_78M18B1H,Customer_58,61,Hyderabad,HIGH,14/06/2024
CUST_CP2FEBMR,Customer_59,64,Chennai,LOW,05/06/2023
CUST_QEGQIJJ1,Customer_60,34,Delhi,HIGH,26/06/2023
CUST_K6KYLB34,Customer_61,32,Delhi,LOW,16/03/2025
CUST_TVLHEIEK,Customer_62,38,Bangalore,LOW,14/06/2024
CUST_AT3F5A3G,Customer_63,43,Hyderabad,HIGH,09/11/2022
CUST_CWRQ0I3O,Customer_64,30,Chennai,LOW,16/04/2022
CUST_9YO9688I,Customer_65,20,Mumbai,MEDIUM,22/11/2022
CUST_3YHAMT2F,Customer_66,19,Bangalore,HIGH,21/11/2025
CUST_FI8XDMC9,Customer_67,31,Mumbai,LOW,21/01/2025
CUST_6Q7YGLSQ,Customer_68,41,Bangalore,LOW,29/08/2023
CUST_ZF9JLQ8V,Customer_69,50,Bangalore,MEDIUM,01/04/2022
CUST_99384HR6,Customer_70,47,Chennai,MEDIUM,01/08/2022
CUST_G85JW2SI,Customer_71,18,Bangalore,LOW,02/08/2024
CUST_BI4XQXX2,Customer_72,44,Delhi,MEDIUM,29/08/2025
CUST_Y5SNGFKL,Customer_73,30,Mumbai,MEDIUM,28/11/2024
CUST_VMEXUGL2,Customer_74,45,Bangalore,LOW,26/11/2022
CUST_FGAT2DH0,Customer_75,47,Bangalore,LOW,12/01/2024
CUST_N0SRHFAL,Customer_76,64,Bangalore,MEDIUM,12/04/2025
CUST_67JMZSE7,Customer_77,27,Chennai,HIGH,16/04/2023
CUST_EG2L862L,Customer_78,24,Hyderabad,HIGH,30/09/2025
CUST_VLQEF926,Customer_79,59,Delhi,HIGH,21/05/2025
CUST_386ROMTA,Customer_80,20,Chennai,HIGH,27/11/2022
CUST_FCF3WCJD,Customer_81,46,Chennai,MEDIUM,25/01/2025
CUST_9N1VVUUN,Customer_82,59,Chennai,MEDIUM,01/04/2023
CUST_IRLWSTUG,Customer_83,52,Mumbai,LOW,06/12/2023
CUST_6XXZJVHB,Customer_84,62,Delhi,MEDIUM,03/09/2023
CUST_LW37CTCE,Customer_85,48,Hyderabad,MEDIUM,11/08/2022
CUST_5Q018NVQ,Customer_86,42,Hyderabad,MEDIUM,10/06/2025
CUST_8T5OQ0E5,Customer_87,19,Chennai,MEDIUM,16/02/2023
CUST_7HE1TAVX,Customer_88,48,Mumbai,MEDIUM,16/12/2022
CUST_HHX0FJC3,Customer_89,23,Mumbai,HIGH,09/11/2024
CUST_2P4W4N02,Customer_90,47,Delhi,HIGH,17/11/2023
CUST_K4B4LQN2,Customer_91,24,Mumbai,LOW,11/05/2025
CUST_7KLESEE1,Customer_92,55,Delhi,HIGH,09/09/2023
CUST_9POAZ2V7,Customer_93,34,Mumbai,MEDIUM,13/01/2023
CUST_IJRSLJQD,Customer_94,19,Mumbai,LOW,13/05/2025
CUST_DU3KCWAN,Customer_95,65,Hyderabad,MEDIUM,20/04/2024
CUST_XKV72BNQ,Customer_96,52,Bangalore,MEDIUM,24/09/2025
CUST_XHD3JB03,Customer_97,25,Delhi,MEDIUM,07/01/2025
CUST_5T3VMOYA,Customer_98,41,Delhi,HIGH,10/02/2022
CUST_4T44QQWA,Customer_99,31,Delhi,LOW,05/05/2023
CUST_WL75MAS2,Customer_100,20,Bangalore,HIGH,28/12/2024
CUST_SNLF4A2P,Customer_101,19,Bangalore,MEDIUM,19/05/2025
CUST_XXGJLYAK,Customer_102,63,Bangalore,HIGH,17/05/2025
CUST_NA21EQA3,Customer_103,24,Bangalore,HIGH,06/03/2024
CUST_4SDQKFIK,Customer_104,56,Mumbai,MEDIUM,19/12/2022
CUST_B8ZMW1IL,Customer_105,21,Chennai,LOW,30/10/2022
CUST_EYTFPNXG,Customer_106,31,Hyderabad,MEDIUM,05/03/2022
CUST_VFWZG06P,Customer_107,33,Bangalore,LOW,15/08/2023
CUST_666JAQLX,Customer_108,30,Bangalore,MEDIUM,03/01/2025
CUST_6Z8JOS8Y,Customer_109,48,Delhi,MEDIUM,02/06/2022
CUST_5GR8VTKL,Customer_110,49,Bangalore,MEDIUM,19/07/2024
CUST_BVZE0QSU,Customer_111,53,Hyderabad,MEDIUM,16/01/2023
CUST_UZPXZ3KP,Customer_112,55,Mumbai,MEDIUM,03/12/2023
CUST_GWJFWFL1,Customer_113,20,Delhi,LOW,27/02/2025
CUST_DMFXYKMD,Customer_114,43,Chennai,LOW,11/04/2022
CUST_O4EOU2VL,Customer_115,38,Mumbai,HIGH,28/07/2023
CUST_4LZVLU8U,Customer_116,49,Bangalore,HIGH,15/01/2023
CUST_CNTWIYEL,Customer_117,58,Mumbai,HIGH,18/08/2024
CUST_WXKI5VX8,Customer_118,56,Delhi,HIGH,06/04/2022
CUST_GJE15P3E,Customer_119,32,Bangalore,LOW,23/09/2025
CUST_URA8WIX5,Customer_120,22,Bangalore,MEDIUM,31/08/2023
CUST_RDDD1C3B,Customer_121,56,Hyderabad,LOW,16/03/2024
CUST_T5UAPV9V,Customer_122,25,Delhi,MEDIUM,16/01/2024
CUST_JNP08MJE,Customer_123,29,Delhi,LOW,09/02/2024
CUST_6FH4ABSC,Customer_124,58,Mumbai,HIGH,10/09/2023
CUST_SC4V0X8F,Customer_125,19,Bangalore,HIGH,02/01/2025
CUST_5T36VS3W,Customer_126,59,Hyderabad,MEDIUM,08/04/2024
CUST_KLET4HQJ,Customer_127,33,Mumbai,LOW,28/07/2025
CUST_GZUAQ02X,Customer_128,23,Mumbai,MEDIUM,28/11/2024
CUST_VHH6L84F,Customer_129,57,Bangalore,HIGH,29/04/2022
CUST_SNGESIB6,Customer_130,34,Delhi,MEDIUM,07/12/2022
CUST_1MBLOEWI,Customer_131,37,Delhi,MEDIUM,27/12/2021
CUST_DZUTZW4P,Customer_132,41,Mumbai,MEDIUM,19/08/2024
CUST_3IVPX87C,Customer_133,42,Mumbai,HIGH,30/03/2025
CUST_DFP040Q3,Customer_134,62,Chennai,LOW,18/04/2023
CUST_2QAA5NGU,Customer_135,34,Mumbai,MEDIUM,04/02/2023
CUST_DSKEJ0QZ,Customer_136,39,Chennai,LOW,08/01/2025
CUST_A1R1FZO4,Customer_137,32,Mumbai,LOW,29/08/2022
CUST_QMRV9YRO,Customer_138,57,Hyderabad,MEDIUM,23/01/2023
CUST_M5IVK7OV,Customer_139,50,Hyderabad,LOW,28/03/2022
CUST_VX0ZMHI4,Customer_140,39,Chennai,LOW,10/02/2023
CUST_A8OUZH9F,Customer_141,24,Chennai,MEDIUM,14/09/2024
CUST_8XOBJ3IF,Customer_142,47,Hyderabad,MEDIUM,08/09/2025
CUST_EJFZ4CU1,Customer_143,51,Hyderabad,MEDIUM,08/12/2023
CUST_7CPPTZUL,Customer_144,62,Mumbai,MEDIUM,11/03/2025
CUST_D3XC4WFV,Customer_145,42,Bangalore,MEDIUM,13/06/2022
CUST_OGJUQBO9,Customer_146,23,Mumbai,HIGH,26/06/2023
CUST_G2O70GCY,Customer_147,37,Chennai,MEDIUM,08/11/2025
CUST_5XL7YMSJ,Customer_148,54,Hyderabad,HIGH,03/10/2024
CUST_FV76YGLK,Customer_149,51,Bangalore,LOW,04/06/2022
CUST_7OY1CSQO,Customer_150,56,Bangalore,MEDIUM,08/12/2021
CUST_5J05SFA5,Customer_151,60,Mumbai,HIGH,17/12/2024
CUST_RTX3EB0S,Customer_152,27,Bangalore,LOW,09/01/2022
CUST_SHS6L9OT,Customer_153,58,Delhi,MEDIUM,12/07/2025
CUST_EZWI7I9B,Customer_154,65,Chennai,HIGH,13/12/2021
CUST_JZES2HEB,Customer_155,32,Bangalore,HIGH,04/03/2024
CUST_7V9F0OYH,Customer_156,39,Chennai,MEDIUM,09/10/2022
CUST_2SLQ12GK,Customer_157,44,Delhi,LOW,22/12/2021
CUST_OJM3GUSA,Customer_158,24,Chennai,HIGH,13/01/2025
CUST_YQ20M64Y,Customer_159,51,Chennai,HIGH,16/12/2021
CUST_7CV4TLEM,Customer_160,39,Mumbai,LOW,30/07/2023
CUST_0YWJL1JQ,Customer_161,18,Delhi,LOW,19/05/2023
CUST_GB2M236V,Customer_162,42,Bangalore,HIGH,17/05/2024
CUST_CF3RKFX1,Customer_163,43,Chennai,MEDIUM,21/04/2025
CUST_1N21LV84,Customer_164,26,Mumbai,LOW,29/06/2023
CUST_0RSO9U79,Customer_165,32,Hyderabad,HIGH,11/09/2022
CUST_HVGWGF4G,Customer_166,26,Hyderabad,MEDIUM,01/11/2024
CUST_CPQAY2WM,Customer_167,52,Delhi,HIGH,30/10/2024
CUST_0SH26KEU,Customer_168,32,Mumbai,MEDIUM,05/09/2023
CUST_2R4K72SM,Customer_169,42,Hyderabad,MEDIUM,19/08/2023
CUST_0UR5P9NZ,Customer_170,22,Hyderabad,HIGH,25/10/2023
CUST_LQAJ053D,Customer_171,42,Bangalore,MEDIUM,21/07/2023
CUST_P6G54C2F,Customer_172,21,Bangalore,MEDIUM,27/08/2022
CUST_0STIFY7V,Customer_173,41,Mumbai,HIGH,11/08/2023
CUST_I60RCXA9,Customer_174,44,Bangalore,MEDIUM,12/11/2024
CUST_EBR2Y2RW,Customer_175,54,Bangalore,MEDIUM,24/08/2025
CUST_Y2V6QU2J,Customer_176,23,Delhi,LOW,28/09/2023
CUST_5UTZP4SI,Customer_177,21,Delhi,LOW,21/01/2022
CUST_X8AH46SG,Customer_178,47,Bangalore,MEDIUM,13/02/2025
CUST_73COYQLR,Customer_179,48,Mumbai,LOW,03/10/2022
CUST_JO0XJYYB,Customer_180,36,Delhi,HIGH,04/04/2023
CUST_HSSIRVRF,Customer_181,31,Bangalore,LOW,13/10/2022
CUST_KR6BCB3L,Customer_182,59,Hyderabad,MEDIUM,29/11/2025
CUST_B5XD11WM,Customer_183,63,Delhi,HIGH,11/01/2025
CUST_D9TOUBX6,Customer_184,32,Chennai,LOW,04/07/2025
CUST_95WU4WY7,Customer_185,39,Chennai,HIGH,30/05/2025
CUST_2BAP9O9L,Customer_186,61,Bangalore,HIGH,25/03/2024
CUST_PXEBR0GZ,Customer_187,27,Chennai,MEDIUM,03/02/2022
CUST_P2OL8TM1,Customer_188,34,Delhi,HIGH,01/05/2025
CUST_SS8CKY1P,Customer_189,42,Bangalore,MEDIUM,25/08/2023
CUST_3JCMXU0B,Customer_190,58,Delhi,MEDIUM,13/05/2025
CUST_OUMP2XT0,Customer_191,51,Delhi,HIGH,12/07/2022
CUST_DG5HOECX,Customer_192,49,Mumbai,HIGH,09/04/2025
CUST_CVE7TYRP,Customer_193,60,Delhi,HIGH,11/06/2024
CUST_KA4MUEPK,Customer_194,63,Delhi,HIGH,12/01/2024
CUST_Y2N93ANC,Customer_195,56,Delhi,HIGH,17/02/2024
CUST_YM1TLZNV,Customer_196,50,Delhi,HIGH,27/11/2021
CUST_MGVVTFXN,Customer_197,41,Bangalore,LOW,19/01/2022
CUST_CHD4JSAD,Customer_198,48,Hyderabad,LOW,13/04/2023
CUST_E9RHQG5E,Customer_199,57,Bangalore,LOW,24/12/2024
CUST_W5NLLYBY,Customer_200,64,Mumbai,MEDIUM,30/03/2025
CUST_P51BP8XR,Customer_201,31,Delhi,LOW,14/01/2023
CUST_RF5XCQLQ,Customer_202,25,Delhi,MEDIUM,01/01/2024
CUST_XGCNRR32,Customer_203,30,Delhi,HIGH,11/10/2024
CUST_X76J3ZI1,Customer_204,21,Delhi,LOW,10/06/2022
CUST_PA3Z0GLB,Customer_205,55,Bangalore,LOW,02/04/2023
CUST_SBLQVDNA,Customer_206,48,Bangalore,MEDIUM,29/08/2023
CUST_AGL8B0WA,Customer_207,38,Delhi,LOW,25/05/2025
CUST_A2E16F2P,Customer_208,53,Chennai,HIGH,18/09/2022
CUST_YZ3W2TDA,Customer_209,34,Delhi,MEDIUM,22/08/2022
CUST_UFX25B72,Customer_210,35,Bangalore,LOW,11/10/2023
CUST_CF4RFRZX,Customer_211,57,Chennai,LOW,15/10/2025
CUST_CYB3KY0R,Customer_212,55,Mumbai,LOW,11/10/2022
CUST_8UW8MHII,Customer_213,36,Mumbai,MEDIUM,20/02/2024
CUST_TVNXW09N,Customer_214,30,Hyderabad,MEDIUM,22/09/2022
CUST_HCVGYCU6,Customer_215,45,Mumbai,LOW,31/01/2023
CUST_5ZN1089F,Customer_216,51,Hyderabad,HIGH,02/01/2024
CUST_ZXMRJWUW,Customer_217,33,Delhi,HIGH,12/08/2024
CUST_HII7TCG5,Customer_218,40,Bangalore,LOW,12/06/2024
CUST_KCLD0JWF,Customer_219,61,Bangalore,LOW,13/12/2022
CUST_AXJI7475,Customer_220,39,Delhi,MEDIUM,23/01/2023
CUST_A2FKT5HS,Customer_221,45,Chennai,MEDIUM,08/12/2023
CUST_TDO6ZBPW,Customer_222,27,Delhi,HIGH,10/02/2022
CUST_IUBD9JS1,Customer_223,31,Mumbai,HIGH,17/08/2023
CUST_BL2BGYZS,Customer_224,64,Delhi,LOW,28/09/2023
CUST_M4EK5ZFJ,Customer_225,51,Mumbai,HIGH,16/11/2022
CUST_658R562A,Customer_226,40,Mumbai,HIGH,01/10/2022
CUST_GNX0NH62,Customer_227,57,Mumbai,LOW,13/09/2023
CUST_11GCI1YT,Customer_228,55,Delhi,HIGH,11/10/2022
CUST_E674VW3N,Customer_229,22,Bangalore,LOW,21/05/2023
CUST_FOQY9HK9,Customer_230,33,Chennai,MEDIUM,21/11/2023
CUST_3J7OS8K6,Customer_231,43,Hyderabad,LOW,15/04/2024
CUST_E29IBWLP,Customer_232,37,Chennai,MEDIUM,01/03/2022
CUST_87IA9LQM,Customer_233,43,Delhi,HIGH,07/06/2023
CUST_GUZZALFH,Customer_234,45,Mumbai,LOW,06/08/2023
CUST_WSW9S5OH,Customer_235,53,Mumbai,HIGH,24/11/2023
CUST_J079DNQH,Customer_236,22,Delhi,HIGH,25/04/2022
CUST_ENI6LEW4,Customer_237,20,Bangalore,LOW,16/03/2023
CUST_PG9XB6L7,Customer_238,37,Delhi,HIGH,05/03/2024
CUST_MJ1VPYG3,Customer_239,63,Bangalore,HIGH,07/10/2023
CUST_NAF9NA38,Customer_240,38,Chennai,MEDIUM,27/03/2022
CUST_ZTORHKU4,Customer_241,21,Hyderabad,HIGH,01/08/2022
CUST_UBP9HWPJ,Customer_242,33,Delhi,HIGH,21/08/2024
CUST_6JX0QQ9B,Customer_243,55,Delhi,LOW,27/04/2025
CUST_CEQE7C9R,Customer_244,26,Chennai,HIGH,10/01/2023
CUST_L6GQWRE7,Customer_245,57,Chennai,HIGH,25/12/2021
CUST_XRDW9VUR,Customer_246,37,Mumbai,LOW,26/05/2024
CUST_LUE6E5NT,Customer_247,30,Chennai,MEDIUM,11/11/2022
CUST_AN2W1XQ7,Customer_248,58,Hyderabad,LOW,01/06/2025
CUST_14DA3EHE,Customer_249,51,Chennai,MEDIUM,30/11/2021
CUST_18PBPLGG,Customer_250,39,Delhi,HIGH,01/03/2022
CUST_3MSTORTQ,Customer_251,40,Hyderabad,MEDIUM,07/01/2023
CUST_QQG77P74,Customer_252,65,Bangalore,HIGH,16/07/2022
CUST_IE5SZIM2,Customer_253,63,Bangalore,HIGH,05/10/2022
CUST_FVNZ823G,Customer_254,36,Mumbai,MEDIUM,02/02/2023
CUST_17XS6L0R,Customer_255,52,Chennai,MEDIUM,23/11/2021
CUST_M0PDEETN,Customer_256,35,Hyderabad,HIGH,06/06/2024
CUST_YL8J7F8S,Customer_257,25,Delhi,MEDIUM,16/08/2022
CUST_FGTEMERN,Customer_258,30,Hyderabad,HIGH,05/10/2024
CUST_0LIVKD9V,Customer_259,50,Chennai,HIGH,18/11/2025
CUST_SS499FDS,Customer_260,63,Hyderabad,LOW,17/09/2022
CUST_OFW3ODU8,Customer_261,44,Hyderabad,HIGH,14/05/2024
CUST_YLLRBKCL,Customer_262,27,Chennai,HIGH,24/12/2023
CUST_YKOTNRJG,Customer_263,42,Bangalore,HIGH,01/10/2024
CUST_G7B2LUZ4,Customer_264,60,Mumbai,LOW,04/02/2025
CUST_8HN01HV3,Customer_265,36,Chennai,LOW,25/08/2025
CUST_WK6LR4KU,Customer_266,54,Delhi,MEDIUM,15/05/2024
CUST_RO0KBR2Z,Customer_267,23,Hyderabad,HIGH,22/07/2023
CUST_PDGYBYX2,Customer_268,56,Chennai,LOW,20/09/2025
CUST_KNW7F3UV,Customer_269,26,Mumbai,MEDIUM,02/04/2024
CUST_CORMXXWS,Customer_270,29,Delhi,LOW,10/12/2023
CUST_9HD0J1X6,Customer_271,21,Delhi,HIGH,12/03/2024
CUST_FEPBHDIA,Customer_272,52,Mumbai,HIGH,10/06/2023
CUST_VIRXCR57,Customer_273,64,Delhi,MEDIUM,25/08/2024
CUST_8KSNCQLF,Customer_274,30,Hyderabad,LOW,19/12/2024
CUST_2YFM3YY6,Customer_275,53,Hyderabad,MEDIUM,22/05/2024
CUST_ELP14MW4,Customer_276,54,Bangalore,HIGH,23/02/2022
CUST_M512FO5W,Customer_277,31,Hyderabad,MEDIUM,08/05/2023
CUST_7PBRFV8A,Customer_278,45,Mumbai,LOW,05/10/2023
CUST_BOHENKJ2,Customer_279,27,Bangalore,LOW,01/06/2024
CUST_B2VSS3K9,Customer_280,23,Chennai,MEDIUM,18/10/2023
CUST_IRGF7Q4L,Customer_281,49,Chennai,LOW,24/02/2024
CUST_LNIM26XI,Customer_282,64,Mumbai,LOW,02/10/2023
CUST_QNNKTU9P,Customer_283,22,Delhi,HIGH,28/05/2024
CUST_RJP8KA92,Customer_284,42,Bangalore,LOW,15/01/2025
CUST_ZFJJYH8I,Customer_285,25,Hyderabad,LOW,10/03/2023
CUST_TDUDU9BP,Customer_286,64,Bangalore,LOW,10/01/2023
CUST_MVCYVVCR,Customer_287,20,Chennai,LOW,01/09/2022
CUST_YQW0WVC5,Customer_288,65,Bangalore,HIGH,22/04/2025
CUST_CFKCO46V,Customer_289,42,Mumbai,MEDIUM,26/05/2024
CUST_1QOKLA34,Customer_290,27,Hyderabad,MEDIUM,28/04/2022
CUST_MQHGKOEH,Customer_291,54,Bangalore,LOW,12/10/2024
CUST_R68UXCYP,Customer_292,46,Bangalore,LOW,24/02/2024
CUST_1JHQ75E5,Customer_293,50,Delhi,MEDIUM,26/01/2023
CUST_MD58FI71,Customer_294,52,Hyderabad,HIGH,11/10/2024
CUST_GXGIU8MN,Customer_295,33,Mumbai,HIGH,01/11/2025
CUST_ZYO05C2N,Customer_296,50,Delhi,HIGH,07/01/2022
CUST_ZH5BZT8E,Customer_297,45,Delhi,LOW,24/12/2022
CUST_K9HEXV6K,Customer_298,55,Mumbai,MEDIUM,10/10/2025
CUST_31EVH8O8,Customer_299,53,Mumbai,LOW,25/12/2023
CUST_G4XL6UN9,Customer_300,64,Chennai,LOW,30/01/2023
CUST_I8KCPMNO,Customer_301,34,Delhi,MEDIUM,15/02/2023
CUST_6MDVNMDL,Customer_302,57,Bangalore,MEDIUM,21/05/2025
CUST_UXKVHI3T,Customer_303,51,Chennai,HIGH,07/12/2024
CUST_C5I92PK2,Customer_304,47,Mumbai,HIGH,16/10/2022
CUST_U7730TFD,Customer_305,42,Hyderabad,LOW,01/01/2024
CUST_R3MC21KK,Customer_306,41,Chennai,MEDIUM,20/05/2024
CUST_57WM6XHM,Customer_307,63,Delhi,LOW,18/04/2024
CUST_Z8DLCKC8,Customer_308,28,Bangalore,LOW,08/03/2022
CUST_AFJ8DK3T,Customer_309,59,Hyderabad,LOW,31/08/2025
CUST_4HZNFE8N,Customer_310,23,Bangalore,MEDIUM,12/01/2023
CUST_N42QB8ZR,Customer_311,59,Hyderabad,MEDIUM,21/01/2023
CUST_9AIH3HQC,Customer_312,44,Bangalore,HIGH,01/05/2022
CUST_FI5XD96J,Customer_313,20,Mumbai,LOW,07/07/2024
CUST_MS37VP76,Customer_314,37,Hyderabad,MEDIUM,26/06/2025
CUST_DXDZG45E,Customer_315,19,Delhi,MEDIUM,19/07/2022
CUST_848B3HR4,Customer_316,63,Hyderabad,LOW,13/09/2024
CUST_MRXTBS3V,Customer_317,42,Chennai,HIGH,01/07/2024
CUST_FZ5T2XOV,Customer_318,25,Delhi,MEDIUM,12/02/2023
CUST_DL6LWCUL,Customer_319,37,Delhi,HIGH,30/11/2025
CUST_PBNA1TKQ,Customer_320,30,Bangalore,HIGH,18/05/2024
CUST_QX45LY64,Customer_321,48,Chennai,HIGH,24/08/2025
CUST_J78VVV2L,Customer_322,55,Chennai,LOW,03/11/2024
CUST_8X0N5GAZ,Customer_323,60,Chennai,MEDIUM,13/01/2024
CUST_HHZPHC5D,Customer_324,44,Chennai,HIGH,01/11/2024
CUST_A2TBWZJH,Customer_325,34,Chennai,HIGH,31/12/2023
CUST_CV349OSQ,Customer_326,34,Delhi,HIGH,10/08/2023
CUST_Q6I7IUJE,Customer_327,38,Delhi,HIGH,08/12/2022
CUST_6474XEDS,Customer_328,34,Mumbai,HIGH,19/01/2022
CUST_PCC23WXY,Customer_329,57,Delhi,MEDIUM,23/10/2024
CUST_GW9CG8NO,Customer_330,33,Delhi,LOW,09/01/2022
CUST_K6QOUNAT,Customer_331,65,Bangalore,MEDIUM,17/10/2022
CUST_RJA3U0N3,Customer_332,61,Mumbai,LOW,18/07/2023
CUST_S8PAZC0W,Customer_333,58,Bangalore,LOW,01/12/2024
CUST_XXRBYXGS,Customer_334,59,Delhi,HIGH,16/10/2024
CUST_45DOPNVL,Customer_335,39,Hyderabad,HIGH,19/07/2022
CUST_EI6T6KVX,Customer_336,51,Bangalore,LOW,29/01/2024
CUST_XD0RO9FE,Customer_337,23,Chennai,LOW,26/07/2022
CUST_E67G8IKI,Customer_338,61,Mumbai,HIGH,12/11/2024
CUST_3Q5JS0VR,Customer_339,41,Delhi,LOW,25/12/2023
CUST_URVQKK89,Customer_340,54,Mumbai,MEDIUM,25/09/2024
CUST_FATVFCUD,Customer_341,20,Bangalore,LOW,07/02/2022
CUST_JWBZPBWW,Customer_342,21,Delhi,HIGH,28/05/2023
CUST_PTOLH4DH,Customer_343,59,Mumbai,LOW,24/12/2023
CUST_I4KMH6D7,Customer_344,39,Hyderabad,MEDIUM,25/09/2023
CUST_62LCY9PH,Customer_345,40,Hyderabad,HIGH,08/04/2024
CUST_F0U8PTRM,Customer_346,40,Chennai,MEDIUM,04/06/2022
CUST_JHFGN7W3,Customer_347,65,Hyderabad,LOW,06/05/2024
CUST_W1687TDB,Customer_348,45,Chennai,HIGH,26/09/2023
CUST_7JHACGOX,Customer_349,22,Chennai,HIGH,24/11/2024
CUST_PXWQ3QUF,Customer_350,26,Hyderabad,LOW,12/05/2022
CUST_3MAK4WOT,Customer_351,45,Hyderabad,HIGH,20/11/2022
CUST_IQ1VGXOI,Customer_352,51,Mumbai,MEDIUM,23/01/2023
CUST_EFW7BVRR,Customer_353,32,Chennai,MEDIUM,12/02/2025
CUST_W0M43G67,Customer_354,22,Chennai,MEDIUM,15/04/2023
CUST_U8T80CUC,Customer_355,62,Bangalore,MEDIUM,21/04/2023
CUST_W1170TL3,Customer_356,65,Hyderabad,HIGH,03/04/2022
CUST_9APW7LDD,Customer_357,23,Chennai,LOW,24/11/2021
CUST_EABFX9E1,Customer_358,40,Mumbai,HIGH,27/07/2025
CUST_ATWT6IXQ,Customer_359,52,Chennai,MEDIUM,08/08/2023
CUST_CQL1L2F7,Customer_360,19,Delhi,HIGH,15/05/2024
CUST_QWHZTEVQ,Customer_361,19,Bangalore,LOW,08/10/2022
CUST_IQQMWT60,Customer_362,37,Delhi,MEDIUM,24/08/2022
CUST_YYKWNY2S,Customer_363,58,Delhi,MEDIUM,15/04/2023
CUST_8NMJ7JYA,Customer_364,60,Hyderabad,MEDIUM,11/04/2024
CUST_ZCAUDTT3,Customer_365,42,Hyderabad,HIGH,26/10/2024
CUST_DS2SKYFO,Customer_366,25,Mumbai,HIGH,11/10/2023
CUST_ABEL13L6,Customer_367,24,Chennai,LOW,18/10/2025
CUST_O9ZJUI9B,Customer_368,56,Delhi,MEDIUM,12/08/2023
CUST_K3HL8MII,Customer_369,51,Mumbai,MEDIUM,30/08/2023
CUST_X5HEPN1M,Customer_370,18,Hyderabad,HIGH,23/11/2023
CUST_CEKQXXPL,Customer_371,48,Bangalore,MEDIUM,01/03/2022
CUST_C7612O3N,Customer_372,45,Chennai,MEDIUM,30/09/2025
CUST_EAO69S3T,Customer_373,46,Chennai,LOW,20/05/2025
CUST_BQIA8OKE,Customer_374,33,Mumbai,LOW,05/02/2025
CUST_FHF15O6B,Customer_375,53,Bangalore,LOW,19/03/2023
CUST_4GO6T0ZQ,Customer_376,34,Mumbai,MEDIUM,05/01/2025
CUST_F3HANEBP,Customer_377,51,Hyderabad,HIGH,24/09/2025
CUST_IOP3SOFU,Customer_378,42,Chennai,HIGH,08/07/2025
CUST_86ZE2FJI,Customer_379,54,Hyderabad,MEDIUM,03/09/2025
CUST_7GYI40QD,Customer_380,45,Mumbai,HIGH,23/07/2024
CUST_JB6KUFIY,Customer_381,40,Chennai,MEDIUM,24/05/2024
CUST_QZHQK1S2,Customer_382,26,Delhi,LOW,14/05/2025
CUST_MFV801YF,Customer_383,25,Chennai,MEDIUM,28/09/2025
CUST_UJA3CXRZ,Customer_384,45,Bangalore,MEDIUM,18/04/2025
CUST_5J41BC42,Customer_385,37,Chennai,LOW,19/05/2023
CUST_TONNJKX6,Customer_386,29,Chennai,MEDIUM,18/08/2023
CUST_82VKD6U8,Customer_387,59,Bangalore,LOW,26/02/2023
CUST_W7SNQ57G,Customer_388,18,Mumbai,HIGH,26/11/2023
CUST_7HEM1LGT,Customer_389,28,Hyderabad,LOW,23/01/2022
CUST_U2LGMHPQ,Customer_390,54,Bangalore,LOW,31/08/2025
CUST_XF025TWX,Customer_391,45,Chennai,HIGH,14/06/2022
CUST_SBVKT8L7,Customer_392,62,Mumbai,HIGH,12/01/2023
CUST_A16OKK5Z,Customer_393,63,Delhi,MEDIUM,26/03/2025
CUST_VD9Z5IY5,Customer_394,58,Chennai,LOW,25/12/2022
CUST_ZXFHTCJ2,Customer_395,56,Mumbai,MEDIUM,20/09/2024
CUST_V7AE8YBI,Customer_396,62,Delhi,HIGH,10/03/2024
CUST_430LC4DG,Customer_397,44,Bangalore,MEDIUM,11/06/2024
CUST_20F1KOP1,Customer_398,49,Delhi,MEDIUM,29/08/2022
CUST_0UMBZ8MV,Customer_399,54,Chennai,HIGH,03/01/2023
CUST_AMS50BRJ,Customer_400,18,Mumbai,LOW,12/08/2024
CUST_C1M1Q1MA,Customer_401,54,Chennai,MEDIUM,18/08/2022
CUST_XO2BBFSL,Customer_402,43,Bangalore,MEDIUM,07/05/2024
CUST_C5NAHRH5,Customer_403,21,Delhi,HIGH,31/10/2022
CUST_RDW8L0VD,Customer_404,56,Mumbai,MEDIUM,18/05/2022
CUST_NAP4RZ6Y,Customer_405,63,Mumbai,LOW,05/06/2022
CUST_R1V3HR2I,Customer_406,64,Mumbai,MEDIUM,02/09/2024
CUST_VZJI9B6D,Customer_407,26,Bangalore,MEDIUM,29/12/2021
CUST_9D76GS6D,Customer_408,23,Mumbai,LOW,06/07/2022
CUST_RHN8QOBL,Customer_409,40,Mumbai,LOW,11/03/2023
CUST_SJ5FP3WS,Customer_410,18,Chennai,LOW,20/09/2025
CUST_PUBLSPL4,Customer_411,58,Hyderabad,HIGH,16/08/2022
CUST_2KDIAMIW,Customer_412,37,Hyderabad,MEDIUM,13/06/2022
CUST_0IAQ2PRT,Customer_413,38,Mumbai,HIGH,11/07/2022
CUST_N6TKRZ0N,Customer_414,46,Delhi,MEDIUM,15/01/2023
CUST_7SCXK31M,Customer_415,21,Hyderabad,HIGH,31/03/2025
CUST_BDWS8U7T,Customer_416,62,Chennai,LOW,14/07/2025
CUST_09OECTWZ,Customer_417,22,Mumbai,MEDIUM,16/03/2025
CUST_JFB25W2V,Customer_418,21,Delhi,HIGH,12/07/2024
CUST_0MTYHQKG,Customer_419,25,Mumbai,MEDIUM,14/11/2022
CUST_94DCRSKV,Customer_420,60,Delhi,HIGH,29/08/2025
CUST_QNR8PV6A,Customer_421,49,Mumbai,LOW,17/08/2024
CUST_6A8H9NV8,Customer_422,51,Mumbai,HIGH,22/03/2024
CUST_O5YPKRWB,Customer_423,23,Mumbai,HIGH,14/04/2022
CUST_IGO6WKZV,Customer_424,24,Delhi,LOW,05/10/2024
CUST_16RLZ8FJ,Customer_425,22,Hyderabad,HIGH,21/01/2024
CUST_Y1KH5I8H,Customer_426,52,Mumbai,HIGH,23/08/2022
CUST_GD95834B,Customer_427,46,Chennai,HIGH,12/11/2023
CUST_INDLRFAM,Customer_428,18,Bangalore,HIGH,21/12/2022
CUST_3Y0JWO3L,Customer_429,61,Chennai,HIGH,24/06/2024
CUST_YIFFOV2C,Customer_430,28,Delhi,LOW,29/10/2024
CUST_VUXX5USH,Customer_431,53,Bangalore,LOW,14/10/2025
CUST_3Q1VI9FL,Customer_432,52,Mumbai,MEDIUM,08/01/2023
CUST_UVQYMRU2,Customer_433,49,Bangalore,LOW,24/09/2025
CUST_8FPQO4DH,Customer_434,35,Bangalore,LOW,25/09/2025
CUST_E0TXLIRI,Customer_435,35,Delhi,LOW,22/03/2022
CUST_4J03EEZR,Customer_436,59,Chennai,HIGH,09/02/2022
CUST_FOLJ0GBS,Customer_437,35,Hyderabad,MEDIUM,18/07/2025
CUST_030LC9LW,Customer_438,52,Chennai,HIGH,07/10/2024
CUST_87S6YSAD,Customer_439,41,Delhi,LOW,07/04/2022
CUST_5KGNOUYL,Customer_440,28,Mumbai,MEDIUM,06/10/2024
CUST_ISD02XWP,Customer_441,54,Delhi,HIGH,29/04/2023
CUST_FE5LRB2S,Customer_442,19,Chennai,HIGH,05/01/2024
CUST_BFRZLG82,Customer_443,37,Mumbai,HIGH,12/08/2023
CUST_9FQ0DWB3,Customer_444,50,Hyderabad,HIGH,24/02/2025
CUST_36S6K64W,Customer_445,19,Chennai,HIGH,13/05/2022
CUST_9G5LGG3B,Customer_446,39,Chennai,MEDIUM,25/05/2025
CUST_DX1WGIUO,Customer_447,24,Delhi,LOW,23/09/2024
CUST_DL6M8KPP,Customer_448,29,Bangalore,LOW,05/08/2024
CUST_6SVZNGKH,Customer_449,29,Delhi,LOW,01/05/2023
CUST_XCT7S6A3,Customer_450,48,Bangalore,LOW,31/01/2023
CUST_CR6B44Z3,Customer_451,44,Chennai,LOW,28/07/2025
CUST_HUAA582V,Customer_452,35,Chennai,MEDIUM,20/10/2025
CUST_MDYH9AGK,Customer_453,33,Delhi,LOW,13/09/2025
CUST_OACCGGGJ,Customer_454,57,Delhi,MEDIUM,23/08/2022
CUST_V59PU8I6,Customer_455,65,Mumbai,MEDIUM,01/07/2024
CUST_1DXF97ZF,Customer_456,40,Chennai,MEDIUM,06/11/2024
CUST_KF40100K,Customer_457,44,Chennai,LOW,26/11/2025
CUST_DRY1QMPF,Customer_458,50,Bangalore,MEDIUM,05/11/2022
CUST_4PJLTIQ6,Customer_459,22,Delhi,MEDIUM,16/03/2025
CUST_OOIIE1AA,Customer_460,64,Mumbai,LOW,20/03/2024
CUST_VBSXLJ8T,Customer_461,48,Chennai,LOW,11/02/2025
CUST_AOUL0PYN,Customer_462,37,Chennai,MEDIUM,12/10/2022
CUST_8GQ9UHIG,Customer_463,35,Chennai,LOW,26/05/2024
CUST_733MDGHN,Customer_464,44,Bangalore,MEDIUM,06/09/2023
CUST_ZILXHDLQ,Customer_465,52,Bangalore,LOW,21/01/2022
CUST_JKLQMT8B,Customer_466,27,Chennai,MEDIUM,22/01/2025
CUST_YVFIVJL8,Customer_467,43,Bangalore,LOW,17/01/2025
CUST_6A7VJ17H,Customer_468,58,Mumbai,LOW,15/01/2023
CUST_3WMNKLBG,Customer_469,28,Hyderabad,HIGH,09/01/2022
CUST_NHJULZFB,Customer_470,38,Hyderabad,MEDIUM,25/04/2022
CUST_HV85YKMP,Customer_471,40,Hyderabad,LOW,15/08/2022
CUST_JWCMN9FM,Customer_472,47,Delhi,HIGH,06/05/2024
CUST_XST965M9,Customer_473,41,Delhi,MEDIUM,09/05/2024
CUST_6LK3N0UQ,Customer_474,33,Chennai,LOW,17/10/2023
CUST_PECZAX3D,Customer_475,51,Mumbai,LOW,30/05/2022
CUST_C0FZ1W30,Customer_476,25,Mumbai,MEDIUM,10/05/2023
CUST_30B7LEX7,Customer_477,20,Delhi,HIGH,26/11/2024
CUST_AH66W3XR,Customer_478,45,Mumbai,LOW,10/10/2025
CUST_71F13HI3,Customer_479,56,Chennai,HIGH,21/08/2025
CUST_FQHRJI1Z,Customer_480,22,Chennai,MEDIUM,14/04/2023
CUST_I1ZPGD9J,Customer_481,29,Mumbai,MEDIUM,15/06/2023
CUST_41R71VEL,Customer_482,40,Chennai,MEDIUM,19/09/2022
CUST_RLVRFXQH,Customer_483,47,Chennai,MEDIUM,13/12/2023
CUST_VRULPG9Z,Customer_484,52,Mumbai,HIGH,27/01/2023
CUST_WD6YTE4Q,Customer_485,40,Chennai,LOW,31/05/2025
CUST_2CE5YSHW,Customer_486,40,Hyderabad,HIGH,04/06/2023
CUST_HC9ZJ7EF,Customer_487,62,Mumbai,LOW,08/05/2023
CUST_F1YMQNE8,Customer_488,20,Hyderabad,HIGH,29/07/2023
CUST_UO6F7Z0I,Customer_489,21,Mumbai,HIGH,28/06/2022
CUST_JXJZB1MS,Customer_490,52,Delhi,HIGH,02/04/2022
CUST_W2EWPO26,Customer_491,52,Chennai,MEDIUM,06/05/2023
CUST_NL4TNMYJ,Customer_492,29,Delhi,LOW,25/07/2024
CUST_BVECA534,Customer_493,49,Delhi,MEDIUM,16/11/2023
CUST_4TOEI9N5,Customer_494,37,Chennai,HIGH,04/02/2022
CUST_TEA1JOWO,Customer_495,45,Chennai,MEDIUM,21/06/2024
CUST_GGDXA8R1,Customer_496,40,Delhi,MEDIUM,27/11/2025
CUST_NPHT27CU,Customer_497,27,Mumbai,LOW,18/12/2021
CUST_5YC4N9G6,Customer_498,39,Bangalore,LOW,06/04/2025
CUST_A4MVQRRI,Customer_499,59,Bangalore,HIGH,09/07/2024
CUST_SUNW9UBV,Customer_500,24,Delhi,LOW,15/12/2022
CUST_N9E764L8,Customer_501,46,Hyderabad,MEDIUM,28/10/2024
CUST_CDPRF405,Customer_502,40,Bangalore,MEDIUM,09/03/2024
CUST_X632YVQA,Customer_503,31,Mumbai,HIGH,27/07/2024
CUST_KITSNGVK,Customer_504,20,Bangalore,HIGH,20/08/2024
CUST_VO4FD7FD,Customer_505,22,Hyderabad,HIGH,30/07/2024
CUST_EQTE983F,Customer_506,35,Mumbai,HIGH,21/12/2024
CUST_43W3E7GY,Customer_507,26,Hyderabad,LOW,15/03/2025
CUST_41VBK2E5,Customer_508,57,Mumbai,MEDIUM,14/06/2023
CUST_WEW0FLFS,Customer_509,21,Chennai,MEDIUM,17/11/2024
CUST_38T1G7R3,Customer_510,24,Chennai,LOW,12/12/2021
CUST_KUMNXB4I,Customer_511,62,Bangalore,MEDIUM,26/01/2025
CUST_RUN57FWF,Customer_512,53,Bangalore,HIGH,12/07/2023
CUST_4BIX5YEO,Customer_513,49,Mumbai,LOW,27/01/2025
CUST_DIOZMWLX,Customer_514,48,Hyderabad,MEDIUM,04/01/2023
CUST_W6U10ITY,Customer_515,37,Delhi,MEDIUM,13/10/2023
CUST_IOKPI8YM,Customer_516,51,Chennai,MEDIUM,26/01/2022
CUST_YSSA8PVO,Customer_517,64,Delhi,LOW,11/11/2022
CUST_L0VJ8QUT,Customer_518,34,Bangalore,LOW,11/05/2023
CUST_I59UGY1R,Customer_519,22,Delhi,LOW,31/08/2023
CUST_84YGFJPX,Customer_520,54,Hyderabad,HIGH,17/03/2025
CUST_2A695UT5,Customer_521,30,Chennai,LOW,25/05/2023
CUST_6NFX6LR5,Customer_522,39,Chennai,MEDIUM,12/10/2025
CUST_XY4YO3M0,Customer_523,36,Bangalore,LOW,14/06/2023
CUST_48FVOH2Z,Customer_524,62,Delhi,MEDIUM,01/01/2022
CUST_SP38T6ML,Customer_525,46,Delhi,LOW,03/05/2024
CUST_XRR45B84,Customer_526,62,Chennai,HIGH,29/03/2024
CUST_4UBYUUPX,Customer_527,28,Delhi,LOW,22/11/2025
CUST_CSX6ORUJ,Customer_528,33,Bangalore,MEDIUM,22/05/2024
CUST_090V74PF,Customer_529,49,Hyderabad,HIGH,03/12/2024
CUST_2PJAODH2,Customer_530,27,Chennai,LOW,08/09/2023
CUST_RHXO9J3F,Customer_531,58,Bangalore,LOW,11/11/2024
CUST_1MY122FE,Customer_532,40,Bangalore,LOW,27/04/2025
CUST_OAHH99AH,Customer_533,20,Delhi,LOW,24/04/2024
CUST_F2QQHM1X,Customer_534,18,Mumbai,HIGH,04/07/2025
CUST_RDOWSUAV,Customer_535,35,Chennai,HIGH,14/02/2024
CUST_G4EDBRF8,Customer_536,38,Mumbai,HIGH,17/05/2023
CUST_WSN7O0IA,Customer_537,21,Mumbai,LOW,01/12/2024
CUST_NJLC73ZL,Customer_538,44,Mumbai,MEDIUM,09/05/2022
CUST_PYS38VSQ,Customer_539,49,Delhi,MEDIUM,05/11/2022
CUST_05JWHRTP,Customer_540,47,Mumbai,MEDIUM,12/12/2021
CUST_DPSVA2LH,Customer_541,31,Delhi,HIGH,30/04/2022
CUST_40ET5R83,Customer_542,23,Mumbai,HIGH,12/12/2022
CUST_RMSBOKQO,Customer_543,25,Bangalore,MEDIUM,23/04/2025
CUST_9QBUL6X0,Customer_544,20,Hyderabad,HIGH,18/06/2025
CUST_9XV5EL3H,Customer_545,64,Hyderabad,LOW,02/12/2022
CUST_SBRP34YU,Customer_546,35,Mumbai,MEDIUM,11/01/2022
CUST_FF6GJTNM,Customer_547,49,Delhi,LOW,27/08/2024
CUST_17BGSVJR,Customer_548,36,Bangalore,HIGH,11/12/2024
CUST_SA4KQD54,Customer_549,53,Chennai,HIGH,21/08/2024
CUST_C8XWBGZU,Customer_550,60,Mumbai,MEDIUM,28/03/2022
CUST_YC76JFNL,Customer_551,38,Delhi,LOW,10/09/2024
CUST_R70A1RTR,Customer_552,51,Delhi,HIGH,29/07/2023
CUST_0UOQ37MS,Customer_553,23,Chennai,HIGH,16/07/2025
CUST_CTB1UG4H,Customer_554,30,Bangalore,LOW,28/07/2024
CUST_HEOHG9HW,Customer_555,28,Mumbai,MEDIUM,20/02/2022
CUST_CXDTP75U,Customer_556,26,Hyderabad,LOW,20/02/2023
CUST_WE7RUOI9,Customer_557,18,Delhi,LOW,14/03/2022
CUST_PCE8MX69,Customer_558,26,Delhi,LOW,01/07/2022
CUST_0CE87HTB,Customer_559,64,Hyderabad,MEDIUM,24/03/2024
CUST_P4POHGCN,Customer_560,64,Hyderabad,LOW,24/02/2022
CUST_SDWX1HHU,Customer_561,23,Bangalore,MEDIUM,19/08/2025
CUST_DANWMDN8,Customer_562,37,Chennai,LOW,29/10/2022
CUST_PF7B3V41,Customer_563,37,Hyderabad,LOW,15/05/2024
CUST_8ZG78ZV2,Customer_564,55,Mumbai,MEDIUM,17/09/2025
CUST_PYVLXZ5Y,Customer_565,62,Bangalore,HIGH,16/03/2022
CUST_R35MCYMT,Customer_566,47,Bangalore,HIGH,12/10/2022
CUST_S6OIGQA0,Customer_567,63,Hyderabad,HIGH,02/10/2024
CUST_VYLDSXMX,Customer_568,55,Mumbai,MEDIUM,15/02/2024
CUST_I4ASA1DP,Customer_569,50,Hyderabad,HIGH,09/06/2025
CUST_UVGFMMBE,Customer_570,30,Chennai,HIGH,24/12/2023
CUST_54N65WKS,Customer_571,31,Chennai,HIGH,01/08/2025
CUST_0ONNQPXT,Customer_572,60,Hyderabad,LOW,30/06/2022
CUST_K1CCZIEA,Customer_573,56,Mumbai,MEDIUM,21/05/2025
CUST_ZIOM070D,Customer_574,50,Mumbai,LOW,10/03/2023
CUST_6OKLG0U3,Customer_575,39,Chennai,LOW,23/04/2025
CUST_UW12CP06,Customer_576,57,Bangalore,HIGH,19/02/2025
CUST_M6OHHKCR,Customer_577,38,Hyderabad,LOW,24/02/2024
CUST_MP4PAS3C,Customer_578,27,Mumbai,LOW,02/07/2024
CUST_9WG4CAGI,Customer_579,44,Chennai,MEDIUM,07/08/2022
CUST_FG0O6XOH,Customer_580,44,Mumbai,LOW,29/04/2025
CUST_FI9K7BJV,Customer_581,21,Bangalore,MEDIUM,29/04/2024
CUST_DM2I8EUT,Customer_582,46,Bangalore,LOW,16/12/2021
CUST_0HWKMEGA,Customer_583,53,Chennai,HIGH,03/05/2024
CUST_X9SI8H8Y,Customer_584,18,Chennai,LOW,04/05/2023
CUST_0SRXHJ1E,Customer_585,36,Delhi,MEDIUM,06/03/2024
CUST_K8MEV8GN,Customer_586,28,Mumbai,LOW,27/08/2023
CUST_EQ897B2H,Customer_587,45,Bangalore,LOW,01/06/2023
CUST_URVDDMOW,Customer_588,55,Delhi,MEDIUM,09/09/2025
CUST_PJV5AE48,Customer_589,56,Delhi,LOW,09/11/2024
CUST_7QW2PX5K,Customer_590,18,Delhi,LOW,04/06/2025
CUST_XWV943YF,Customer_591,60,Mumbai,HIGH,14/03/2023
CUST_W20C8X6Q,Customer_592,35,Bangalore,LOW,21/01/2025
CUST_8RF8WXYD,Customer_593,25,Mumbai,LOW,22/12/2021
CUST_GDPUPMZK,Customer_594,55,Hyderabad,LOW,23/10/2024
CUST_KLZHQVTF,Customer_595,33,Hyderabad,LOW,30/12/2022
CUST_M9GUOTUA,Customer_596,28,Delhi,HIGH,26/11/2024
CUST_88W9J3CV,Customer_597,58,Chennai,LOW,10/01/2024
CUST_4SB735N7,Customer_598,24,Bangalore,HIGH,14/07/2023
CUST_RNB7RPNB,Customer_599,40,Bangalore,HIGH,06/04/2023
CUST_YN5UJ7J5,Customer_600,47,Chennai,MEDIUM,24/02/2024
CUST_JNNL2T9V,Customer_601,51,Mumbai,LOW,21/08/2022
CUST_O2X7PWU0,Customer_602,64,Delhi,HIGH,10/01/2023
CUST_N5AW3SJE,Customer_603,61,Mumbai,HIGH,15/04/2022
CUST_X3PPGLJ2,Customer_604,63,Mumbai,LOW,16/05/2022
CUST_TEEWMMZY,Customer_605,26,Hyderabad,HIGH,18/06/2025
CUST_OJ1IXUG5,Customer_606,41,Delhi,MEDIUM,04/12/2024
CUST_XD9GN0C6,Customer_607,60,Chennai,HIGH,03/05/2025
CUST_46AT30EE,Customer_608,49,Hyderabad,LOW,25/11/2024
CUST_10QOXDHB,Customer_609,54,Hyderabad,HIGH,06/04/2023
CUST_QHYDI0S5,Customer_610,45,Mumbai,LOW,09/05/2023
CUST_NWRO8YZS,Customer_611,22,Hyderabad,MEDIUM,12/08/2022
CUST_E5SURPE1,Customer_612,55,Mumbai,HIGH,08/07/2023
CUST_MFI9J6QV,Customer_613,61,Mumbai,LOW,06/01/2025
CUST_2DZW9VPE,Customer_614,62,Hyderabad,HIGH,22/05/2022
CUST_LP24M3CM,Customer_615,35,Mumbai,HIGH,17/01/2024
CUST_PY0H1I8A,Customer_616,18,Hyderabad,LOW,18/11/2023
CUST_7AZJI18N,Customer_617,34,Mumbai,HIGH,29/03/2025
CUST_VURX40LI,Customer_618,33,Bangalore,MEDIUM,21/01/2024
CUST_MPVJX045,Customer_619,51,Bangalore,HIGH,20/08/2023
CUST_I4HEHNX1,Customer_620,37,Mumbai,HIGH,14/10/2023
CUST_767CW1WD,Customer_621,30,Chennai,MEDIUM,05/08/2022
CUST_4J9505RH,Customer_622,23,Hyderabad,HIGH,18/01/2023
CUST_P69R4DJQ,Customer_623,29,Hyderabad,LOW,05/01/2023
CUST_MRTNVLEI,Customer_624,48,Bangalore,MEDIUM,28/02/2024
CUST_6ZY11WRE,Customer_625,22,Chennai,MEDIUM,02/10/2022
CUST_INKCDQUJ,Customer_626,64,Hyderabad,LOW,19/04/2025
CUST_SUMEYTWP,Customer_627,18,Chennai,LOW,04/04/2025
CUST_XKD9RB8G,Customer_628,28,Chennai,MEDIUM,05/05/2025
CUST_AOVWXECK,Customer_629,43,Chennai,MEDIUM,06/08/2022
CUST_2MA3G8O4,Customer_630,29,Bangalore,MEDIUM,03/03/2025
CUST_1TZ3A0E6,Customer_631,53,Bangalore,LOW,19/09/2023
CUST_BG0XNUY8,Customer_632,28,Mumbai,HIGH,12/08/2025
CUST_X3OCOCIR,Customer_633,38,Hyderabad,HIGH,29/03/2023
CUST_C98OJ3SH,Customer_634,56,Bangalore,MEDIUM,09/01/2022
CUST_4GWBBIW3,Customer_635,47,Chennai,LOW,26/01/2023
CUST_JUCVTLH4,Customer_636,46,Bangalore,LOW,02/08/2025
CUST_VL0EY8JX,Customer_637,41,Bangalore,LOW,02/12/2022
CUST_PES76DBL,Customer_638,38,Chennai,MEDIUM,08/12/2021
CUST_EOPZ9NB5,Customer_639,20,Chennai,LOW,14/03/2025
CUST_GFJS9T99,Customer_640,60,Hyderabad,MEDIUM,30/04/2024
CUST_MIQB8J0U,Customer_641,63,Chennai,MEDIUM,22/10/2023
CUST_ZEX3CS42,Customer_642,34,Delhi,HIGH,08/11/2023
CUST_XNZWJRU8,Customer_643,31,Chennai,LOW,16/01/2024
CUST_GUUTYAG9,Customer_644,21,Delhi,LOW,31/01/2024
CUST_HWUJQGSR,Customer_645,64,Hyderabad,LOW,28/07/2025
CUST_5YK47CD3,Customer_646,29,Hyderabad,HIGH,13/06/2025
CUST_293BVKLQ,Customer_647,53,Bangalore,MEDIUM,21/11/2024
CUST_Z0NU6CX4,Customer_648,23,Bangalore,LOW,12/12/2022
CUST_DZ0AFXA3,Customer_649,53,Bangalore,LOW,22/05/2025
CUST_C7OMMCGV,Customer_650,51,Mumbai,LOW,18/11/2024
CUST_O8V9V18V,Customer_651,20,Mumbai,LOW,02/05/2022
CUST_ZIV5XIWB,Customer_652,56,Bangalore,HIGH,06/03/2023
CUST_SYVGKCWY,Customer_653,39,Mumbai,MEDIUM,07/02/2022
CUST_HFBTL7QB,Customer_654,23,Delhi,LOW,07/11/2024
CUST_03Z5BHVL,Customer_655,37,Mumbai,HIGH,15/01/2024
CUST_LVCHT4LR,Customer_656,43,Bangalore,MEDIUM,07/02/2023
CUST_FUFAK21I,Customer_657,44,Mumbai,MEDIUM,06/03/2023
CUST_R1HV3HKH,Customer_658,35,Bangalore,LOW,06/09/2022
CUST_ASL9DNVS,Customer_659,54,Mumbai,HIGH,19/06/2022
CUST_6QSXENM6,Customer_660,47,Mumbai,MEDIUM,20/04/2023
CUST_MC205C1T,Customer_661,19,Mumbai,HIGH,11/03/2024
CUST_3P91F3DW,Customer_662,44,Chennai,HIGH,09/07/2022
CUST_URJ2NSUH,Customer_663,30,Mumbai,HIGH,21/06/2024
CUST_C4R3Q0JQ,Customer_664,59,Mumbai,MEDIUM,11/06/2024
CUST_HSBZYZ4V,Customer_665,58,Hyderabad,HIGH,04/12/2021
CUST_U4D7LZLD,Customer_666,41,Hyderabad,MEDIUM,10/07/2024
CUST_0YIHQROL,Customer_667,30,Chennai,HIGH,11/10/2022
CUST_5RWBP8KP,Customer_668,45,Bangalore,MEDIUM,11/04/2025
CUST_7GCOW3VT,Customer_669,41,Hyderabad,LOW,24/02/2024
CUST_QJHSWJO3,Customer_670,35,Chennai,LOW,10/11/2022
CUST_KVNBLG88,Customer_671,63,Hyderabad,LOW,07/04/2025
CUST_CXNSZXB7,Customer_672,38,Bangalore,HIGH,12/10/2024
CUST_FTT3ECWU,Customer_673,64,Hyderabad,MEDIUM,08/10/2025
CUST_VGAZPO3N,Customer_674,45,Hyderabad,MEDIUM,23/11/2025
CUST_6Z9L6P8V,Customer_675,32,Delhi,HIGH,10/08/2024
CUST_KDN9ZRQ9,Customer_676,65,Hyderabad,LOW,09/02/2023
CUST_DBU4QHD6,Customer_677,21,Bangalore,HIGH,06/05/2022
CUST_GTN50ECR,Customer_678,25,Bangalore,LOW,19/06/2025
CUST_EVWE6KET,Customer_679,35,Delhi,LOW,28/05/2023
CUST_LWRICDMF,Customer_680,45,Chennai,MEDIUM,06/04/2023
CUST_WWWK4BSD,Customer_681,57,Delhi,HIGH,22/02/2024
CUST_IDEPD0JV,Customer_682,22,Bangalore,LOW,01/10/2024
CUST_TEB404OP,Customer_683,56,Bangalore,MEDIUM,28/09/2024
CUST_V6821JXE,Customer_684,49,Hyderabad,HIGH,18/11/2024
CUST_QHPZPOGB,Customer_685,59,Hyderabad,LOW,09/12/2021
CUST_GGZQL4TZ,Customer_686,24,Bangalore,LOW,31/05/2025
CUST_1RR73QMM,Customer_687,24,Bangalore,MEDIUM,29/11/2024
CUST_CARTTNLI,Customer_688,62,Bangalore,HIGH,23/01/2024
CUST_ICQ1RDXK,Customer_689,54,Chennai,LOW,05/06/2022
CUST_CWHM9E9Z,Customer_690,49,Delhi,MEDIUM,06/05/2025
CUST_9SLR5TF2,Customer_691,61,Hyderabad,LOW,01/07/2025
CUST_2R7N3459,Customer_692,34,Hyderabad,MEDIUM,25/12/2023
CUST_KDYS5O1A,Customer_693,54,Chennai,LOW,14/02/2022
CUST_RLUHWIDJ,Customer_694,39,Chennai,MEDIUM,28/08/2025
CUST_G343EZ9M,Customer_695,49,Chennai,HIGH,29/12/2023
CUST_E83ST3Y6,Customer_696,19,Mumbai,MEDIUM,05/07/2024
CUST_6VUTNTZD,Customer_697,38,Bangalore,LOW,06/11/2023
CUST_3NTARQN0,Customer_698,63,Mumbai,HIGH,01/03/2022
CUST_RUTQCGVN,Customer_699,56,Delhi,HIGH,02/01/2024
CUST_5CMFCP42,Customer_700,37,Hyderabad,MEDIUM,09/02/2025
CUST_ZXYPTTWM,Customer_701,32,Chennai,MEDIUM,30/01/2023
CUST_9QVAHCBJ,Customer_702,23,Bangalore,HIGH,08/02/2025
CUST_U4PRLYEI,Customer_703,29,Bangalore,MEDIUM,27/11/2025
CUST_9ABEJMJW,Customer_704,45,Delhi,MEDIUM,07/11/2023
CUST_0254VMHS,Customer_705,35,Mumbai,LOW,08/09/2023
CUST_0DIZRII9,Customer_706,27,Delhi,LOW,08/02/2022
CUST_FVXWE310,Customer_707,22,Hyderabad,LOW,02/10/2024
CUST_NFCKWKON,Customer_708,23,Chennai,LOW,11/11/2022
CUST_V3Y42UQH,Customer_709,21,Hyderabad,HIGH,19/03/2023
CUST_6XU9R744,Customer_710,51,Bangalore,MEDIUM,14/01/2022
CUST_OVLGV3EE,Customer_711,63,Hyderabad,HIGH,21/12/2023
CUST_D18R1OHZ,Customer_712,59,Delhi,LOW,23/11/2022
CUST_TH573AKT,Customer_713,30,Hyderabad,LOW,04/04/2024
CUST_LI9N5V7I,Customer_714,43,Hyderabad,HIGH,01/06/2024
CUST_4DVU3GQZ,Customer_715,29,Delhi,MEDIUM,02/06/2024
CUST_CU23UJTA,Customer_716,57,Bangalore,LOW,11/04/2023
CUST_GJCRPXCG,Customer_717,28,Bangalore,LOW,30/11/2023
CUST_WYG2Y8ZC,Customer_718,46,Bangalore,HIGH,22/01/2023
CUST_JGLN7N94,Customer_719,43,Chennai,LOW,03/03/2024
CUST_SFF9CEEH,Customer_720,24,Delhi,HIGH,06/07/2022
CUST_553AWOV4,Customer_721,49,Mumbai,MEDIUM,19/11/2024
CUST_3VA6FZ58,Customer_722,50,Bangalore,MEDIUM,23/05/2025
CUST_1ITR3D5R,Customer_723,26,Hyderabad,LOW,17/07/2025
CUST_V647S4DG,Customer_724,63,Delhi,MEDIUM,08/02/2023
CUST_QKRQPF2I,Customer_725,33,Delhi,LOW,22/11/2025
CUST_9AZ3DNA4,Customer_726,51,Chennai,HIGH,16/08/2024
CUST_RJLU6MWS,Customer_727,53,Hyderabad,MEDIUM,27/05/2022
CUST_2RDD2UWY,Customer_728,31,Hyderabad,LOW,28/01/2023
CUST_V05X92IX,Customer_729,33,Delhi,MEDIUM,30/03/2024
CUST_D7GET8HC,Customer_730,50,Mumbai,LOW,26/04/2024
CUST_12GCU77Q,Customer_731,47,Hyderabad,MEDIUM,11/06/2024
CUST_15GFK90N,Customer_732,36,Hyderabad,HIGH,13/07/2025
CUST_E8PFIJFA,Customer_733,27,Delhi,MEDIUM,09/02/2025
CUST_VH3VZQJ7,Customer_734,53,Chennai,MEDIUM,08/01/2024
CUST_X8SNDLXT,Customer_735,47,Bangalore,MEDIUM,31/01/2022
CUST_XVBP5K1X,Customer_736,52,Mumbai,MEDIUM,04/06/2024
CUST_X90L60GQ,Customer_737,40,Hyderabad,LOW,06/04/2022
CUST_Q8T3BQT2,Customer_738,58,Mumbai,MEDIUM,09/10/2023
CUST_AW1NQKZ7,Customer_739,26,Bangalore,MEDIUM,22/10/2025
CUST_VCK0RIZI,Customer_740,54,Hyderabad,MEDIUM,02/08/2024
CUST_4GGN10ZM,Customer_741,48,Delhi,HIGH,19/02/2022
CUST_KBM2G9QI,Customer_742,58,Hyderabad,MEDIUM,31/03/2023
CUST_9TRDMY6L,Customer_743,56,Mumbai,MEDIUM,28/07/2022
CUST_NS9ALR4R,Customer_744,47,Hyderabad,MEDIUM,03/01/2024
CUST_94ECB7VL,Customer_745,34,Bangalore,LOW,09/12/2022
CUST_HVNAE01E,Customer_746,65,Bangalore,HIGH,15/08/2023
CUST_PUCAL6TB,Customer_747,30,Hyderabad,LOW,11/08/2022
CUST_BLU50UQQ,Customer_748,52,Hyderabad,LOW,04/01/2022
CUST_STFGSLQU,Customer_749,35,Bangalore,LOW,02/08/2022
CUST_OOAUOAQ6,Customer_750,44,Delhi,HIGH,03/08/2023
CUST_NDMPJJU6,Customer_751,63,Bangalore,LOW,31/08/2023
CUST_J69YD33V,Customer_752,39,Mumbai,HIGH,24/01/2025
CUST_63DABVWZ,Customer_753,26,Mumbai,LOW,02/08/2024
CUST_PDI2FEOJ,Customer_754,40,Mumbai,MEDIUM,21/05/2025
CUST_6JIP0JPO,Customer_755,60,Bangalore,MEDIUM,01/01/2023
CUST_EDPE2H24,Customer_756,47,Chennai,LOW,09/03/2023
CUST_85WZE1YD,Customer_757,43,Chennai,LOW,14/07/2024
CUST_CMGZ8BLG,Customer_758,36,Mumbai,MEDIUM,06/12/2023
CUST_2TZSASF4,Customer_759,36,Delhi,MEDIUM,19/03/2023
CUST_O8DMDT84,Customer_760,25,Delhi,LOW,25/12/2024
CUST_N4BM1FIG,Customer_761,57,Chennai,LOW,10/10/2024
CUST_MWYO4LSI,Customer_762,44,Mumbai,MEDIUM,29/12/2024
CUST_TF61TYFX,Customer_763,48,Delhi,HIGH,28/06/2023
CUST_PQVL16BY,Customer_764,45,Delhi,MEDIUM,14/10/2022
CUST_PVUFGK7E,Customer_765,47,Mumbai,HIGH,25/09/2024
CUST_MX36BPQW,Customer_766,59,Delhi,HIGH,08/01/2023
CUST_Z5H07N8D,Customer_767,29,Delhi,MEDIUM,11/08/2024
CUST_2W1CFLPB,Customer_768,35,Mumbai,MEDIUM,12/11/2025
CUST_57OG15AC,Customer_769,48,Bangalore,LOW,24/10/2024
CUST_F24GHSI8,Customer_770,60,Hyderabad,LOW,05/04/2025
CUST_XC3VLBYK,Customer_771,28,Hyderabad,MEDIUM,13/11/2022
CUST_G9TQNSW4,Customer_772,26,Delhi,LOW,25/03/2025
CUST_0AFVFTDY,Customer_773,59,Delhi,HIGH,17/10/2025
CUST_1YFQTDI9,Customer_774,63,Hyderabad,HIGH,23/10/2024
CUST_GC4VULHE,Customer_775,54,Mumbai,HIGH,25/12/2024
CUST_VJ61ZJVF,Customer_776,34,Bangalore,LOW,29/06/2022
CUST_E0UZ9R60,Customer_777,39,Delhi,HIGH,24/02/2022
CUST_CXU1FRX7,Customer_778,43,Bangalore,LOW,04/05/2022
CUST_DQER09UR,Customer_779,61,Mumbai,MEDIUM,17/11/2024
CUST_C9VL1QX4,Customer_780,27,Mumbai,MEDIUM,07/10/2025
CUST_XEP0NX3O,Customer_781,61,Bangalore,HIGH,27/03/2024
CUST_6XG5I0N3,Customer_782,24,Delhi,MEDIUM,24/12/2024
CUST_P33RQQLX,Customer_783,22,Bangalore,MEDIUM,13/12/2021
CUST_R809FJQ2,Customer_784,64,Mumbai,MEDIUM,04/11/2023
CUST_NWGENA7F,Customer_785,57,Mumbai,MEDIUM,15/10/2024
CUST_E7RYGFFA,Customer_786,65,Chennai,LOW,20/03/2022
CUST_2HTTM3XO,Customer_787,64,Chennai,MEDIUM,22/08/2024
CUST_DF249R9H,Customer_788,39,Hyderabad,MEDIUM,12/09/2025
CUST_RWFJHWDU,Customer_789,24,Bangalore,LOW,23/05/2025
CUST_ODON72XT,Customer_790,46,Hyderabad,MEDIUM,21/03/2022
CUST_H4QK8U6H,Customer_791,39,Bangalore,MEDIUM,03/10/2025
CUST_CKM6T57Z,Customer_792,48,Mumbai,HIGH,14/04/2022
CUST_AEQYQ4B6,Customer_793,28,Bangalore,LOW,03/09/2023
CUST_3ZVD53SA,Customer_794,37,Bangalore,LOW,03/12/2021
CUST_6FSYVEK1,Customer_795,40,Mumbai,LOW,19/07/2025
CUST_JC09EES8,Customer_796,40,Chennai,MEDIUM,03/06/2025
CUST_9HK1K14A,Customer_797,42,Chennai,HIGH,15/05/2022
CUST_4EL93AQ6,Customer_798,19,Hyderabad,HIGH,18/03/2023
CUST_739DQ1GD,Customer_799,20,Hyderabad,MEDIUM,25/07/2025
CUST_3PLODW75,Customer_800,35,Mumbai,HIGH,29/09/2023
CUST_RIKL2B53,Customer_801,30,Chennai,LOW,14/08/2023
CUST_XWKB0WQ0,Customer_802,18,Delhi,MEDIUM,27/09/2023
CUST_87VH3KPO,Customer_803,26,Bangalore,LOW,02/07/2023
CUST_U790SGKQ,Customer_804,36,Chennai,LOW,15/01/2024
CUST_XMRFC5CM,Customer_805,33,Hyderabad,MEDIUM,23/07/2023
CUST_FUULMI0E,Customer_806,23,Hyderabad,MEDIUM,03/02/2024
CUST_FZTUX75Q,Customer_807,18,Bangalore,HIGH,26/08/2022
CUST_V244PHF4,Customer_808,63,Bangalore,HIGH,23/10/2024
CUST_2UTZZMNM,Customer_809,35,Delhi,MEDIUM,26/06/2023
CUST_BEKNUSTJ,Customer_810,22,Bangalore,LOW,04/02/2023
CUST_XC0LVBTM,Customer_811,18,Bangalore,MEDIUM,05/02/2022
CUST_Q03DF6ZZ,Customer_812,45,Mumbai,MEDIUM,13/04/2022
CUST_S8PV1FD0,Customer_813,34,Chennai,MEDIUM,20/10/2023
CUST_XCWWY9JU,Customer_814,57,Mumbai,LOW,08/05/2025
CUST_AIB19RWA,Customer_815,61,Delhi,HIGH,19/01/2025
CUST_8T8VAM42,Customer_816,39,Mumbai,MEDIUM,04/08/2024
CUST_ZJV1YS3Y,Customer_817,30,Chennai,HIGH,01/12/2024
CUST_II7UC8RZ,Customer_818,28,Mumbai,MEDIUM,21/07/2024
CUST_UBUDE5BO,Customer_819,52,Bangalore,HIGH,19/10/2025
CUST_5PYOT7V4,Customer_820,21,Delhi,HIGH,04/04/2022
CUST_AL1QPFYP,Customer_821,25,Bangalore,MEDIUM,04/12/2023
CUST_5KF7GE8M,Customer_822,27,Bangalore,MEDIUM,16/06/2024
CUST_TA5X2CYE,Customer_823,25,Delhi,MEDIUM,17/10/2023
CUST_U5ABKVLB,Customer_824,43,Bangalore,MEDIUM,26/11/2023
CUST_QRP0936J,Customer_825,56,Mumbai,LOW,26/04/2022
CUST_KF62I4HT,Customer_826,44,Delhi,HIGH,26/10/2023
CUST_CWAXKF7M,Customer_827,25,Chennai,MEDIUM,15/10/2025
CUST_P6WJIUW1,Customer_828,57,Bangalore,MEDIUM,06/10/2022
CUST_3Q9NY6G5,Customer_829,27,Chennai,LOW,23/04/2022
CUST_UVDGTQ1L,Customer_830,35,Chennai,HIGH,03/09/2025
CUST_44MQEKFV,Customer_831,19,Delhi,HIGH,16/08/2022
CUST_ICKNFOJH,Customer_832,18,Bangalore,MEDIUM,30/12/2024
CUST_5K5GSDVM,Customer_833,39,Bangalore,HIGH,30/12/2022
CUST_3EPH2CJD,Customer_834,20,Hyderabad,LOW,19/06/2022
CUST_Z91W57F7,Customer_835,21,Delhi,LOW,06/04/2025
CUST_X0T29YUU,Customer_836,44,Delhi,HIGH,30/03/2025
CUST_868O4VQI,Customer_837,62,Chennai,MEDIUM,01/11/2023
CUST_IK7T6LPK,Customer_838,50,Delhi,HIGH,19/05/2024
CUST_U8TKYFRG,Customer_839,43,Bangalore,LOW,30/04/2022
CUST_NUXSXHIX,Customer_840,26,Hyderabad,LOW,17/02/2023
CUST_H204D2XO,Customer_841,19,Mumbai,HIGH,29/06/2022
CUST_61HS2FK5,Customer_842,55,Chennai,HIGH,12/03/2022
CUST_DI0R99KP,Customer_843,55,Delhi,MEDIUM,10/07/2024
CUST_OE5CNQBI,Customer_844,61,Chennai,LOW,24/04/2025
CUST_FUXRV8C4,Customer_845,42,Chennai,HIGH,09/01/2023
CUST_WSI8IPFC,Customer_846,33,Bangalore,MEDIUM,31/07/2025
CUST_IHR7UUI3,Customer_847,54,Delhi,LOW,11/08/2025
CUST_G6KQ0A1E,Customer_848,40,Delhi,MEDIUM,31/05/2022
CUST_ESZIXR8V,Customer_849,33,Delhi,LOW,28/02/2024
CUST_GRNH24N8,Customer_850,54,Delhi,LOW,09/11/2025
CUST_GBLA4BUQ,Customer_851,30,Chennai,HIGH,26/12/2022
CUST_YX8AE4BL,Customer_852,44,Chennai,HIGH,22/07/2025
CUST_6UQCHVA6,Customer_853,24,Mumbai,LOW,06/04/2023
CUST_B805JBJY,Customer_854,27,Hyderabad,MEDIUM,01/11/2025
CUST_JQBF89IU,Customer_855,19,Mumbai,HIGH,12/10/2025
CUST_P0SA12XP,Customer_856,31,Bangalore,MEDIUM,28/06/2023
CUST_TMGIPMAO,Customer_857,26,Chennai,HIGH,19/03/2022
CUST_NJ8LI6HZ,Customer_858,35,Hyderabad,LOW,20/05/2025
CUST_HFZNKKXD,Customer_859,30,Delhi,MEDIUM,19/09/2023
CUST_4P8TZBSJ,Customer_860,29,Chennai,HIGH,05/05/2023
CUST_SC7FS7RF,Customer_861,34,Chennai,HIGH,28/05/2022
CUST_MK2B6V1B,Customer_862,33,Chennai,HIGH,21/10/2023
CUST_DSOXUV0G,Customer_863,19,Mumbai,MEDIUM,20/03/2024
CUST_FO3J2GP5,Customer_864,36,Mumbai,HIGH,21/01/2025
CUST_BLBN6P2B,Customer_865,52,Mumbai,LOW,24/03/2022
CUST_GC1GPU88,Customer_866,27,Mumbai,HIGH,04/10/2024
CUST_4JSPFS7I,Customer_867,39,Hyderabad,HIGH,18/02/2025
CUST_I7OSJ8SS,Customer_868,22,Mumbai,MEDIUM,31/08/2023
CUST_2YRRJ01T,Customer_869,34,Hyderabad,LOW,17/05/2024
CUST_PG5P6C2B,Customer_870,38,Delhi,HIGH,13/06/2024
CUST_EX5NA9ML,Customer_871,64,Mumbai,MEDIUM,09/05/2022
CUST_HCQMIWIC,Customer_872,21,Mumbai,LOW,01/11/2023
CUST_Z4HD9F7D,Customer_873,42,Mumbai,MEDIUM,03/12/2022
CUST_HAGHYHTC,Customer_874,33,Mumbai,MEDIUM,29/07/2023
CUST_DIZV7MD2,Customer_875,39,Hyderabad,HIGH,24/08/2022
CUST_Z7OS133D,Customer_876,31,Bangalore,HIGH,18/01/2023
CUST_JG3T2ZFM,Customer_877,50,Bangalore,MEDIUM,31/01/2025
CUST_UBD9NLZ7,Customer_878,26,Mumbai,MEDIUM,15/05/2022
CUST_HSCUNSZ3,Customer_879,65,Mumbai,LOW,13/01/2025
CUST_SUH51SES,Customer_880,39,Chennai,HIGH,26/08/2022
CUST_DXE73FI3,Customer_881,53,Bangalore,MEDIUM,16/06/2022
CUST_PW7GOJS4,Customer_882,49,Delhi,HIGH,09/10/2024
CUST_608ZVR8R,Customer_883,35,Delhi,HIGH,03/09/2024
CUST_0778AK5X,Customer_884,32,Mumbai,HIGH,06/01/2024
CUST_Q1RW33J8,Customer_885,51,Mumbai,HIGH,09/09/2025
CUST_T3GGF74W,Customer_886,41,Mumbai,HIGH,17/03/2022
CUST_SUW0H75T,Customer_887,31,Bangalore,MEDIUM,05/11/2024
CUST_F7WQ5V2D,Customer_888,42,Delhi,HIGH,17/06/2022
CUST_XJ8UA3N7,Customer_889,54,Bangalore,LOW,26/12/2021
CUST_I4Y7Y4UY,Customer_890,25,Chennai,MEDIUM,25/11/2023
CUST_BPB7MJ4I,Customer_891,65,Chennai,LOW,08/05/2025
CUST_I7VG35TO,Customer_892,62,Delhi,HIGH,24/06/2023
CUST_LV7HMU9K,Customer_893,64,Bangalore,HIGH,19/01/2022
CUST_JS594VLF,Customer_894,25,Chennai,HIGH,29/09/2024
CUST_7DT3EZI1,Customer_895,64,Delhi,HIGH,31/01/2024
CUST_RTB4G9XJ,Customer_896,31,Hyderabad,LOW,09/08/2024
CUST_IGZVI5RE,Customer_897,63,Mumbai,MEDIUM,06/04/2024
CUST_ZZOCXJMU,Customer_898,51,Chennai,LOW,12/04/2022
CUST_MOSQLNFS,Customer_899,60,Chennai,HIGH,24/10/2025
CUST_EFL8POJB,Customer_900,50,Chennai,MEDIUM,17/07/2024
CUST_RTZVB6DL,Customer_901,36,Hyderabad,MEDIUM,16/09/2025
CUST_S9L746WN,Customer_902,65,Chennai,MEDIUM,21/08/2023
CUST_YZBIGMIN,Customer_903,34,Hyderabad,MEDIUM,25/02/2024
CUST_2D78J51E,Customer_904,47,Delhi,HIGH,31/07/2025
CUST_DFPPNV4Q,Customer_905,53,Hyderabad,HIGH,24/01/2025
CUST_PUS38HYK,Customer_906,63,Delhi,MEDIUM,07/03/2025
CUST_WN6F4BVA,Customer_907,39,Mumbai,LOW,25/11/2024
CUST_ROI3TRW8,Customer_908,61,Hyderabad,HIGH,05/04/2025
CUST_06V4ULJ9,Customer_909,39,Chennai,LOW,04/05/2025
CUST_0EWLHM0K,Customer_910,18,Hyderabad,HIGH,12/08/2024
CUST_QDJ81MK3,Customer_911,26,Chennai,MEDIUM,11/07/2022
CUST_4SIDQF8K,Customer_912,19,Hyderabad,HIGH,11/06/2022
CUST_XON2VGL3,Customer_913,19,Bangalore,MEDIUM,27/02/2022
CUST_WDMMQ983,Customer_914,56,Chennai,LOW,09/12/2022
CUST_8ZC3QKPX,Customer_915,22,Delhi,MEDIUM,31/03/2025
CUST_KT72DQPS,Customer_916,55,Delhi,LOW,15/08/2022
CUST_RITYIL16,Customer_917,31,Bangalore,MEDIUM,30/08/2024
CUST_ZTFVAH55,Customer_918,25,Chennai,MEDIUM,17/06/2023
CUST_OJDXCSHV,Customer_919,58,Delhi,MEDIUM,19/06/2025
CUST_FRUMYJEM,Customer_920,54,Hyderabad,LOW,04/06/2023
CUST_PA029ENG,Customer_921,24,Bangalore,HIGH,25/02/2023
CUST_3X23O3CU,Customer_922,18,Bangalore,MEDIUM,30/08/2023
CUST_IVH0DETZ,Customer_923,31,Chennai,LOW,08/02/2024
CUST_XEG5CYF3,Customer_924,55,Mumbai,MEDIUM,18/10/2022
CUST_DURKBOH2,Customer_925,50,Chennai,HIGH,30/10/2023
CUST_366QQZ42,Customer_926,60,Hyderabad,HIGH,09/03/2023
CUST_2LNLVMYR,Customer_927,54,Bangalore,MEDIUM,15/03/2025
CUST_P1TCNSRG,Customer_928,31,Mumbai,LOW,19/05/2024
CUST_ZL7EH1TN,Customer_929,55,Delhi,HIGH,01/10/2023
CUST_KVSY2J4H,Customer_930,24,Bangalore,HIGH,26/10/2022
CUST_UCTEKOKI,Customer_931,50,Mumbai,LOW,08/09/2024
CUST_PYYMQEO3,Customer_932,34,Delhi,LOW,31/07/2022
CUST_ZSAT3478,Customer_933,58,Mumbai,MEDIUM,14/07/2023
CUST_5JSAKQMK,Customer_934,48,Mumbai,HIGH,03/02/2025
CUST_0JPCDJ17,Customer_935,22,Hyderabad,MEDIUM,20/02/2025
CUST_P5EKOYOP,Customer_936,21,Mumbai,HIGH,13/08/2024
CUST_JP7KORO1,Customer_937,65,Delhi,MEDIUM,01/02/2024
CUST_YEDT32BW,Customer_938,31,Chennai,MEDIUM,03/05/2023
CUST_OH18Q4UU,Customer_939,33,Bangalore,LOW,22/05/2023
CUST_9GZ4EV3N,Customer_940,34,Mumbai,HIGH,07/03/2024
CUST_SESRAB4E,Customer_941,46,Delhi,MEDIUM,03/10/2023
CUST_F1Q67M0E,Customer_942,55,Bangalore,HIGH,06/11/2024
CUST_55IKD98G,Customer_943,44,Delhi,HIGH,06/05/2025
CUST_ZYRO1CVY,Customer_944,44,Mumbai,LOW,01/01/2024
CUST_662VSWR1,Customer_945,27,Mumbai,LOW,17/01/2024
CUST_BPNHJJSS,Customer_946,32,Mumbai,MEDIUM,02/12/2023
CUST_RTJZ2EK5,Customer_947,48,Hyderabad,HIGH,06/08/2023
CUST_RBI3OTQU,Customer_948,48,Hyderabad,LOW,25/08/2022
CUST_KSCDERGW,Customer_949,51,Chennai,MEDIUM,10/08/2025
CUST_UPTYCT1K,Customer_950,19,Chennai,HIGH,17/02/2023
CUST_DGF0BKGG,Customer_951,50,Chennai,HIGH,02/03/2024
CUST_VHUZ60Z9,Customer_952,47,Bangalore,LOW,05/10/2024
CUST_7MQCPZWO,Customer_953,18,Mumbai,MEDIUM,14/04/2025
CUST_C5TMDOGS,Customer_954,59,Chennai,MEDIUM,03/02/2024
CUST_QOLT6YV2,Customer_955,34,Hyderabad,MEDIUM,08/12/2023
CUST_ZHUIO3VO,Customer_956,23,Mumbai,HIGH,31/03/2022
CUST_GCBMRL6K,Customer_957,32,Bangalore,MEDIUM,06/05/2025
CUST_GMBFC2YP,Customer_958,39,Chennai,LOW,23/07/2025
CUST_CFWYMGLH,Customer_959,63,Bangalore,MEDIUM,13/04/2025
CUST_0DGXQL41,Customer_960,54,Bangalore,MEDIUM,26/06/2024
CUST_01IMTKOI,Customer_961,53,Mumbai,LOW,27/03/2025
CUST_8SYAP1YB,Customer_962,55,Mumbai,MEDIUM,18/04/2022
CUST_3QWNQMZN,Customer_963,36,Delhi,MEDIUM,15/10/2024
CUST_LLNABMCD,Customer_964,36,Chennai,LOW,18/03/2024
CUST_FU4SQKGW,Customer_965,21,Chennai,HIGH,28/09/2025
CUST_MOKMLD5P,Customer_966,51,Bangalore,HIGH,02/03/2023
CUST_B6KTKRZM,Customer_967,41,Mumbai,LOW,17/12/2022
CUST_VC00QLO2,Customer_968,59,Delhi,LOW,24/03/2023
CUST_D6V4YRPI,Customer_969,46,Mumbai,HIGH,01/05/2025
CUST_VNV5W28T,Customer_970,42,Bangalore,MEDIUM,18/08/2022
CUST_DCIYO82G,Customer_971,32,Delhi,LOW,31/10/2023
CUST_K9OV7MVX,Customer_972,49,Hyderabad,HIGH,22/07/2023
CUST_GBB6CV7T,Customer_973,22,Delhi,HIGH,20/10/2022
CUST_VWZ2UK1T,Customer_974,27,Hyderabad,LOW,07/09/2025
CUST_6BTJYDLN,Customer_975,41,Mumbai,HIGH,02/06/2025
CUST_0OFE9TIA,Customer_976,28,Delhi,MEDIUM,20/05/2024
CUST_NR4YTW9V,Customer_977,56,Bangalore,HIGH,20/12/2024
CUST_VJIWIW4H,Customer_978,43,Mumbai,HIGH,18/07/2023
CUST_HLAXB7YJ,Customer_979,56,Chennai,LOW,22/11/2025
CUST_TQIWFEKA,Customer_980,55,Delhi,HIGH,03/12/2021
CUST_UCEUIYK3,Customer_981,23,Mumbai,LOW,29/10/2025
CUST_DEVM8W01,Customer_982,52,Hyderabad,MEDIUM,30/03/2023
CUST_FV3FTU7Y,Customer_983,27,Mumbai,HIGH,11/08/2024
CUST_0ET28BQ8,Customer_984,59,Bangalore,MEDIUM,22/04/2024
CUST_OLMJDAOJ,Customer_985,31,Mumbai,LOW,20/07/2022
CUST_D7ESUVIF,Customer_986,23,Delhi,HIGH,18/06/2025
CUST_N9JC2LL9,Customer_987,47,Delhi,MEDIUM,25/02/2022
CUST_ZZ5ZC898,Customer_988,34,Hyderabad,HIGH,30/11/2021
CUST_KKCLTZ55,Customer_989,36,Chennai,LOW,17/04/2022
CUST_IY20B4BN,Customer_990,59,Mumbai,HIGH,11/03/2025
CUST_HM930UQS,Customer_991,45,Chennai,MEDIUM,10/01/2025
CUST_F276SPN8,Customer_992,53,Delhi,LOW,27/03/2024
CUST_XADAT9RM,Customer_993,65,Chennai,MEDIUM,24/07/2023
CUST_ES5KLTPD,Customer_994,46,Chennai,MEDIUM,10/08/2022
CUST_RB5R5R60,Customer_995,57,Mumbai,LOW,12/08/2025
CUST_YXAG6NP8,Customer_996,46,Mumbai,LOW,06/06/2023
CUST_65MMFR0N,Customer_997,27,Delhi,LOW,20/07/2024
CUST_IVY5YGWC,Customer_998,42,Bangalore,MEDIUM,13/09/2024
CUST_YFH9L6RL,Customer_999,63,Hyderabad,HIGH,05/09/2022
CUST_BR17OBCB,Customer_1000,23,Mumbai,MEDIUM,04/03/2025
